謝明倫,
張世男,
林信玉,
裴君豪,
賴家慶,
陳雨韻,
李秋蓁,
張惠君,
林美娟,
許阿忠,
許智偉,
黃淑凱,
林淑貞,
張碧妤,
黃奕翔,
郭國華,
林佳湖,
張湘法,
陳炳瑄,
陳志忠,
陳俊傑,
竇承翰,
翁志銘,
余佳欣,
鄧恒卿,
呂妍山,
李婉婷,
黃為萍,
張岳明,
賴琇其,
蔡宜芸,
傅天白,
尤欣怡,
陳怡良,
黃麗琬,
蘇琦珠,
王雅妤,
黃彥智,
陳聖菁,
賴台泰,
張明心,
祁雅雯,
曾佳蓉,
包先峰,
黃峻燦,
林雲宣,
林平臻,
倪意婷,
吳雅婷,
黃文韋,
劉寶愛,
梁士傑,
楊修仲,
陳文堅,
勞志宏,
溫左松,
林韻韋,
施秉然,
洪春行,
許士銘,
楊佳淳,
周承翰,
張志偉,
林介陽,
張建安,
吳維倫,
李淑慧,
黃惠茹,
黃雅竹,
賴彥柏,
趙廷真,
曹昕丹,
黃佳容,
黃麗凌,
陳世傑,
蔡依潔,
柯依婷,
王冠辰,
王麗來,
昌得順,
黃偉琴,
崔懿軍,
陳牧茵,
詹宜靜,
黃偉筠,
楊舒惠,
林威廷,
李淑伸,
許苑沛,
瞿淑芬,
楊凱翔,
何香恩,
翁維哲,
李沛邦,
霍培郁,
張嘉祥,
許鳳季,
王東亮,
黃妙木,
林雅達,
陳曜宇,
林佳順,
許佩樺,
劉怡君,
武向岳,
陳協卿,
劉勇志,
陳鈞琇,
蔡秉善,
陳卓輝,
彭芳霞,
蘇彥君,
梁呈典,
林玉吉,
洪婉菁,
林逸花,
韓勳新,
王南民,
劉惠婷,
黃敏昌,
賴佳蓉,
鐘美玲,
李姿伶,
胥宜靜,
曾廷娥,
許嘉亞,
黃先帆,
鄭明憲,
奚海琇,
傅志嘉,
鄧以喜,
林嘉民,
黃嘉亦,
馬茹一,
邱婷婷,
謝佳心,
陳冠廷,
劉詠綸,
鄧志銘,
陳丞蓮,
施治堅,
李素貞,
黃法政,
黃家瑋,
韓茂剛,
陳奕義,
盧虹泉,
洪鈺婷,
翁原伸,
黃淑芬,
林承智,
倪靜怡,
陳健瑋,
倪睿均,
黃美玲,
吳行剛,
洪思元,
吳聖文,
袁秀芬,
溫佳儒,
謝秀玲,
葉彥宏,
趙秋潔,
陳耀中,
陳雅琳,
袁大佳,
賴學漢,
楊卓福,
戴勇龍,
蔣火妹,
鞏嘉雯,
劉佩璇,
闞人豪,
顏愛珠,
賴向民,
姜淑芬,
黃文依,
桂瑋倫,
蘇政憲,
蔡靜宜,
滑佳蓉,
洪怡婷,
劉立行,
陳俐花,
方夙雲,
張育其,
蔡郁翔,
張佳玲,
鄭昆達,
趙茜州,
許政哲,
陳阿丞,
張聖文,
陳均玫,
胡麗美,
張永富,
杜建彰,
阮吉筠,
溫冠志,
陳丞蓉,
陳慧玲,
陳惠昇,
趙志峰,
張育儒,
王至靖,
林俊治,
沈俊宏,
吳柏毅,
陳盈茜,
許冠廷,
謝志銘,
李枝安,
陳勳邦,
李宗仁,
林于劭,
林世豪,
顏宏財,
楊雅琦,
陳智偉,
李姿泰,
崔憲寶,
黃慧君,
邊綺禮,
葉怡君,
楊宏蓉,
高冠霖,
王琦虹,
施美華,
賴彥伶,
梁雅婷,
翁美慧,
倪志文,
王峻豪,
張菁博,
林竹江,
錢怡臻,
陳方夫,
黃冠聖,
黃姿君,
黃雅元,
林靜海,
吳佳亞,
賴思翰,
王筠梅,
陳宛冰,
庾政翰,
李京安,
祖至吟,
郭昀英,
楊欣穎,
李承恭,
黃柏亞,
黃欣穎,
陳奕雨,
李姿新,
陳俐珍,
張家銘,
黃志孜,
劉珮瑜,
王承穎,
蘇亭湖,
楊安秋,
許惠雯,
崔孟璇,
張綺雄,
蕭姵君,
張佳琪,
黃瑜茂,
余宜欣,
李志杰,
沈可陽,
陸初薇,
黃瑩泉,
林清裕,
陳雅芳,
鄧廷諭,
陳佳芬,
王珮雯,
駱慶儀,
陳珍琇,
葉文婷,
吳財瑜,
李明安,
鄭念強,
吳建亦,
劉薇潔,
劉怡秋,
鄭莉婷,
柯佳玲,
林國治,
何琪其,
林佳亨,
周冠凱,
韓恒育,
李虹福,
陳宗達,
陳婉廷,
周家慶,
鄭俊安,
楊智凌,
郭嘉鴻,
鄭嘉玲,
黃詩涵,
毛惠娟,
蔡佩君,
劉志豪,
陸珮瑜,
許心怡,
張純蘭,
謝佩君,
邱雅慧,
顏欣怡,
蘇佳穎,
李燕人,
張芳馨,
鐘國瑋,
郭韋成,
李育吉,
郭建廷,
農玉婷,
喬政峰,
蔡秉平,
黃芳哲,
張凱吉,
朱劭俐,
潘嘉宏,
黃孟儒,
李佩玫,
張祐源,
李和禎,
陳昆霖,
黃文華,
張旭妃,
黃雅韋,
林惠芷,
林建臻,
張峻妃,
葉義宇,
方仁杰,
林政宏,
盧寧燕,
蔣育瑋,
許勝傑,
王宜芳,
鄧惠雯,
蔡明琇,
孫琇憲,
葉原貞,
黃國茹,
朱進和,
蔡于真,
吳靜揚,
林宜秀,
陳剛萍,
黃家佐,
陳信喬,
宋婉俊,
張承翰,
張佩怡,
林雅慧,
陳介妹,
黃宗達,
郭碧盈,
楊國偉,
朱秀琴,
江佳湖,
張淑惠,
阮惠雯,
余雅慧,
黃紋郁,
張修芸,
張耀來,
陳嘉雯,
吳茜傑,
洪貞綠,
蘇忠翰,
屈家華,
林彥真,
鄭雅惠,
張怡均,
楊俊維,
謝瑜光,
汪宇軒,
蔡勇傑,
昌為宣,
呂勇豐,
王詠駿,
張哲順,
陳德年,
張志文,
蔡俊傑,
吳沛林,
黃思婷,
李俊心,
王宜欣,
楊佩玲,
龔宜臻,
陳政娟,
錢益泰,
邱祖恭,
羅亞昇,
張思賢,
張韻季,
梁佳琪,
許可岑,
謝祐誠,
陳漢胤,
蔡萱利,
蔡孟善,
姜麗美,
夏凡樺,
謝得坤,
許妙書,
李雅琳,
鄭致遠,
陳淑玲,
王佩芬,
陳信春,
何明宏,
張弘琇,
曾怡治,
王佳怡,
景俊宏,
曾姿瑤,
袁雅雯,
陳淑華,
楊雅芳,
郭卓云,
方行航,
方靜宜,
郭家銘,
劉以友,
潘淑芳,
翁燕妤,
王秀英,
陳玟勳,
崔秀娟,
吳欣宜,
陳瑩幸,
張銘彬,
張竹劭,
黃明辰,
林姿蓉,
鄭怡靜,
謝筱雯,
林韻婷,
陳人豪,
楊志文,
羅劭山,
吳雅軍,
沈佳穎,
邱秋燕,
林小行,
洪樂胤,
盧一其,
李佩娥,
蘇豪良,
張念育,
林韋昆,
李孟軒,
蘇旻愛,
楊玉婷,
童向妮,
曹沛珍,
王淑月,
陳建福,
孫皇榮,
陳佑行,
陳秋友,
鄭惠雯,
黃玄齊,
張怡君,
林建昕,
陳幼威,
林盈秀,
張雅昀,
梁聖文,
趙豐丞,
林舒涵,
王義芸,
李嘉愛,
洪宜珊,
林淑珍,
吳家偉,
黃鈺青,
吳潔如,
戴岱豐,
胡辛福,
龐淑萍,
黃郁涵,
林怡新,
林淑韋,
蔡明念,
許淑皓,
施珈然,
吳學琴,
李國珍,
李宜季,
黎淑娟,
蘇詩雅,
郭明宏,
游麗雯,
陳盈光,
刁慧婷,
林柏季,
吳怡康,
蔡欣菁,
李雅芳,
廖盈秀,
張凱妏,
黃威德,
強成和,
施山法,
李淑芳,
蕭予孝,
黃智惠,
賴歡方,
張奎雲,
蔡雅婷,
蔡欣潔,
吳佳禾,
郭必洋,
潘軒啟,
陳致淳,
陳樂強,
陳雅源,
鄭志平,
盧真舜,
夏合淳,
邱惠婷,
黃倫妤,
林誠善,
施佳穎,
宋永斌,
劉怡群,
倪嘉慧,
許俊傑,
涂靜堯,
林彥杰,
蔡佳廷,
王佩樺,
錢皇雲,
江建德,
鄭瑋玲,
李俊安,
劉志文,
余玉婷,
倪婉菁,
林育萱,
許勝傑,
林易緯,
陳人榮,
黃劭玟,
林昭綸,
竇雅婷,
林湘婷,
謝明幸,
林建成,
黃仰歡,
何怡君,
林怡花,
王淑政,
林美娟,
王東皓,
吳承芳,
查天友,
何慧敏,
盧珮青,
喻佩君,
李紀花,
黃文傑,
陳喬吉,
陳豐偉,
杜麗雯,
林麗雯,
謝育儒,
王建宏,
廖治映,
林又諭,
郭良生,
張志翔,
王怡伶,
曾佐偉,
錢雅婷,
蔡怡如,
劉雯新,
黃莉琴,
李怡婷,
陳馥政,
陳儒舜,
蔡孟儒,
潘堅倫,
鄭耀文,
吳東綠,
吳家雪,
陳文富,
周雅琪,
簡怡芳,
林秋州,
謝慧玲,
葉曼聿,
張瑞龍,
黃文貴,
王嘉汝,
方曜宇,
胡志杰,
林玟孜,
張怡伶,
陳威梅,
林麗芬,
詹淑玲,
朱淑惠,
劉俊松,
林亞治,
林俊吉,
沈懿月,
黃柏竹,
黃俊傑,
林奕以,
欒瑋妤,
陳志昇,
鈕英南,
陳怡姍,
徐柏翔,
鄭宇宸,
邱喜成,
陳耀齊,
楊雅雯,
陳怡伶,
吳靜良,
鄭瑞吉,
魏之蘭,
黃宜欣,
陳忠翰,
張文宏,
吳秉君,
郭政哲,
曹郁翔,
徐祐誠,
陳哲維,
楊國偉,
郭陽然,
賴林紋,
林勳豪,
郭左廷,
陳巧汝,
陳雅婷,
王雅旺,
李晏燦,
熊文傑,
蔡仁豪,
黎陽偉,
金元雲,
祖敬能,
劉仕緯,
蔡木中,
林嘉卿,
楊群佐,
陳建萱,
王志孜,
張瑞育,
鄭劭誠,
李得佩,
楊志映,
陳為喜,
黃思諭,
陳鈺婷,
謝聖凱,
許婉婷,
胡青凌,
崔佳慧,
王耀德,
林信宏,
陳右隆,
陳志心,
林美愛,
楊淑正,
王靜雯,
袁名育,
陳少芸,
黃宜珊,
繆亭君,
吳聖傑,
葉俊瑋,
謝佳蓉,
崔台男,
盧家云,
黃淑念,
張晴音,
吳健豪,
吳奕君,
謝佩妮,
趙玫瑋,
林文映,
楊志月,
張志中,
蔡玉鳳,
林文俐,
吳俊麟,
連玫文,
楊宜臻,
顏惠梅,
張彥文,
盧牧奇,
梁宛君,
李韋廷,
黃佳芝,
方銘豐,
林樂念,
陳蕙偉,
蘇心寶,
汪智豪,
蔡佳慧,
陳寶民,
林先儀,
吳正偉,
張志秀,
潘秋年,
鄭子嘉,
陳致芬,
張嘉鴻,
張桂珠,
方昌發,
陳峻翰,
吳志財,
蔡維岑,
林秀妤,
葉博文,
袁慧玲,
方嘉宏,
王雅慧,
陳怡云,
韓美娟,
謝文禾,
沙勇娥,
趙文彬,
吳政希,
李思行,
童盈君,
曾喜美,
陳孟君,
吳家瑋,
盧麗娟,
李冠伶,
林雅婷,
陳欣杰,
林書茵,
楊玲修,
王愛美,
毛伯賢,
蘇民伶,
林敬宸,
林學樂,
林士文,
宋宜君,
黃志利,
吳元淳,
王淑良,
陳宜意,
吳瑞禎,
李萬貞,
郭則威,
陳國華,
張惠玲,
盧婉如,
李俊娟,
邱俊琴,
邱嘉芬,
沈瑋婷,
林晉鴻,
鄭宗翰,
錢俊緯,
葉勇蓮,
王又誠,
楊志賢,
黃興佐,
張政宏,
陳韋成,
蔡宗毅,
黎千慧,
林雅菁,
賴景佐,
陳佳儀,
陳政哲,
楊鈺寶,
文向帆,
蔡淑芬,
蔡雅士,
張志銘,
李宜婷,
蔡冠中,
蔣盈柔,
湛佳欣,
王雅琳,
周其俐,
李欣婷,
陳欣瑜,
黃士喜,
陳梅凌,
黃信宏,
陳志偉,
林慧娟,
吳明廷,
張勇桓,
鄭政翰,
鄂心怡,
林奕俊,
蔡明宏,
吳冠良,
杜俊毅,
利依婷,
李瑋婷,
黃文劭,
黃文彥,
楊美惠,
陳新花,
陳世豪,
楊蘭彥,
許家瑄,
沈志成,
蘇琳瑄,
曾千惠,
張俊男,
高琳丹,
傅俞彬,
黃俊翔,
劉俊育,
張秉芳,
張鈞雨,
陸炳豪,
呂得惟,
王雅美,
楊登鳳,
童英文,
張人如,
胡家良,
李彥江,
高玉谷,
陳新春,
林信宏,
李美君,
林昱廷,
盧瑤雨,
程添沛,
高堅雅,
何筱沛,
林欣潔,
林建霖,
賴姿穎,
陳玉諭,
沈宜南,
吳政愛,
陳家啟,
周哲榮,
鄭賢燦,
黃秀玲,
王湘名,
陳青吟,
林秋芳,
周家豪,
林漢友,
柯巧生,
蔡婷婷,
陳家慧,
傅家銘,
汪雅雯,
李孟霖,
邱智翔,
張培函,
施哲玄,
蘇智翔,
黃玉婷,
陳筱婷,
高靖雯,
孫韋成,
陳隆亨,
蔡陽儒,
張麗美,
曾瑋正,
吳柏迪,
葉英希,
石明珠,
楊志平,
黃建志,
陳育瑋,
陳至禮,
黃彥均,
陳函信,
楊雅坤,
謝豐綺,
陳紋政,
金凡谷,
周柏青,
蘇穎韻,
王民清,
池淑芬,
陳建妏,
陳建念,
陳于凡,
王平源,
曾皓茜,
王詩亞,
張文財,
朱劭芝,
張家紫,
吳詩水,
王佩君,
謝佩璇,
陳美惠,
鄭惠如,
林彥侑,
張浩宣,
黃千宜,
雷緯諭,
涂淑慧,
詹秀慧,
林淑竹,
藍姿蓉,
陳詠山,
吳宗廷,
陳建良,
余智茵,
林育菁,
林琦帆,
曾樂堯,
蕭泓純,
林華紫,
林芳軍,
林芝萍,
林佳蓉,
楊淑芳,
楊靜菁,
嚴舒夢,
詹泓信,
陳俊映,
韓仁傑,
宋育菁,
盧淑玲,
楊雅婷,
李卓剛,
王淑甫,
李佩怡,
楊懿一,
賴俞伶,
張幸雨,
黃仁嬌,
潘永齊,
吳瑋玲,
韓彥均,
鐘筱恭,
楊必妍,
周泰善,
錢財揚,
林怡清,
黃瓊菱,
許怡慧,
林玉玲,
趙婷婷,
連雅萍,
郭詩雅,
陳景芬,
黃慧茹,
陳俊銘,
邱柏宇,
林麗隆,
蔡俊憲,
楊家茹,
張柏豪,
許怡珊,
藍明杰,
駱雅慧,
張嘉美,
徐嘉文,
黃政傑,
黃佳怡,
唐家賢,
陳宜欣,
林家發,
鄭文君,
黃家祥,
蔡幼雅,
葉惠如,
林志聖,
陳嘉偉,
陳桂萍,
陳曉哲,
茹培倫,
張家菁,
劉俊吉,
林以原,
鐘郁涵,
王麗政,
吳軒靖,
蕭采博,
黃宗霖,
張鈞軒,
曾志成,
黃淑凡,
夏于婷,
黃佳怡,
陳文婷,
陳靜源,
陳國月,
蘇書希,
顏香君,
林秀士,
許美玲,
武靜宜,
蕭文傑,
林慧婷,
張瑞茂,
謝宗亨,
姜美玉,
蔡明民,
陳吟琬,
馬彥宏,
蔡鈺雯,
陳慶郁,
黃郁雯,
陳海行,
陳雅亮,
王欣怡,
蔡佩吉,
陳美娟,
許定儒,
王文彬,
李純一,
林尚蕙,
李韋成,
林弘誠,
王方真,
黃俊傑,
張惠如,
盧筱芸,
劉駿能,
陳昱惠,
王筱岳,
王婉婷,
羅欣怡,
黃馨瑋,
崔崇琪,
林雅娟,
蕭馨文,
陳弘珊,
蔡賢郁,
蕭揚吟,
鄭百妮,
謝法妍,
黃心海,
郭翔如,
黃佳穎,
陳曉亞,
連介希,
黃玉貴,
鄧英傑,
鄭雅慧,
陳旭香,
蕭俊霖,
楊順卿,
唐淑慧,
陳淑婷,
陳怡婷,
張建志,
楊淳雄,
王朝人,
滑桂發,
陳曉萍,
皮與琪,
謝宛一,
楊佳穎,
曾博仁,
許宗霖,
張建銘,
李小燦,
廖柏豪,
張玟意,
徐國華,
劉倩翰,
沙致音,
駱怡欣,
林佳玲,
鄭岳威,
黃胤慈,
王子豪,
何姿其,
涂淑芬,
陳茂容,
曹康緯,
張采南,
陳佩君,
鄭昶源,
黃郁松,
張國華,
汪姿君,
張宜蓁,
黃朝心,
林振胤,
劉任枝,
黃凱翔,
林胤峰,
陳孟軒,
陳志明,
林左均,
黃建宏,
謝白姍,
魏堅柏,
劉喜憲,
詹琬婷,
周嬌亨,
張德韋,
吳勝旭,
楊坤紋,
黃哲瑋,
吳姿瑩,
繆秀琪,
勞培茂,
楊淑芬,
沈睿雅,
黃正孝,
陳剛樺,
張靜如,
宮佳燕,
陳佳靜,
陳欣恭,
張淑瑋,
高怡君,
王歡平,
甯珮君,
張昆真,
許文婷,
甄志偉,
葉美玲,
陳紀吉,
鄭淑恭,
袁嘉茜,
張健心,
孫佳慧,
周菁新,
林素軒,
張延函,
李怡怡,
陳金鳳,
陳明文,
宋奕廷,
莊智超,
陳淑玲,
張樂寧,
洪致遠,
賴孟中,
韓昆霖,
欒桂豐,
王智臻,
馬傑火,
林育霖,
林中倫,
林郁宏,
林郁貴,
蘇家銘,
廣美玉,
鄭于其,
陳怡君,
王柏青,
蕭雅娥,
陳彥幸,
蔣雅惠,
毛冰旺,
楊惠愛,
張宇文,
王志妤,
陳明善,
陳淑凱,
王乃勳,
毛韋伶,
吳思航,
吳秋海,
鄭順韋,
王思昀,
洪士弘,
陳志貞,
周孟璇,
趙登邦,
杜昆枝,
沈韋彥,
簡林信,
陳俞茜,
林峻麟,
侯鎮善,
趙雲東,
游芸妃,
陳威孜,
羅姿婷,
侯韋伶,
謝佳慧,
王家銘,
李湘添,
閻俐邦,
隆明儒,
李玉梅,
朱博鈞,
趙偉誠,
吳馨文,
林彥山,
陳定齊,
陳忠翰,
丁泓東,
林如裕,
楊嘉能,
林世玫,
崔惠茹,
林建廷,
王雅筑,
楊冠宇,
謝勝傑,
趙木萱,
張雨郁,
謝凱純,
張詩雅,
楊千惠,
鞠柏毅,
劉明翰,
杜裕仁,
劉富丞,
陳邦淳,
林哲菁,
詹淑芬,
黃孟儒,
姜佳蓉,
陳孟璇,
黃俊愛,
林群均,
童依萍,
蔡瓊寶,
陳湘婷,
陳石辰,
黃乃佐,
張心怡,
楊中亦,
汪祥凡,
黃茂慈,
齊佳玲,
葉得冰,
王彥宇,
呂進全,
李靜生,
施少禾,
李姿原,
高智仁,
王珈人,
陳祖枝,
李杰恆,
溫雅文,
周念臻,
劉佳軍,
陳佑希,
陳初靖,
王冠儒,
黃宜冰,
王建輝,
賴筱雯,
楊淑敏,
楊如意,
馬建宏,
杜宛君,
李姿君,
林詩宇,
王忠翰,
楊仕昕,
周志雪,
陸思誠,
陳明慧,
蔡守政,
萬民駿,
吳雲岑,
杜仁傑,
姚淑敏,
葉雅琪,
趙苑樂,
夏夢義,
崔嘉玲,
張邦法,
謝沛堯,
馬致政,
陳淑慧,
謝孟新,
邱承翰,
張書倩,
陳俊憲,
袁冠勳,
蔡宜成,
劉子純,
周俊賢,
林家弘,
張香如,
曹台啟,
韓舜文,
謝秀琴,
陳彥良,
林淑芬,
張淑娟,
王嘉雯,
吳盈君,
張志明,
吳禹馨,
陳禎菁,
陳淑琴,
李家喬,
阮靜全,
張雅財,
楊泓男,
陳淑萍,
黃雅易,
陳佐和,
陳曉正,
陳永依,
張詠丞,
黃士伯,
李玉華,
陳怡婷,
謝秀芬,
羅登林,
陳柏綸,
林慧君,
楊昕珍,
王士映,
崔宛維,
孫志翔,
林庭瑋,
貝惠雯,
王佩珊,
李怡如,
謝嘉慧,
呂慧君,
倪正政,
黃翰宜,
蔡柏毅,
李彥廷,
吳筠德,
盧育如,
楊益妏,
黃郁宸,
房光宜,
張佳明,
李姿白,
陳正和,
蘇穎桓,
胡奎其,
陳怡安,
謝依萱,
黃于生,
黃健銘,
巴燦斌,
王雅玲,
張彥君,
林慧光,
錢珮豐,
林勇志,
陳俊佩,
童秋璇,
李家恬,
楊怡如,
吳明英,
李淑琴,
陳世偉,
王宏伯,
曹義桓,
陳堯芃,
陳妤恒,
趙新鴻,
陳柏毅,
蕭雅茜,
王志勇,
楊智桓,
張慧陽,
沈瑞桂,
陳正華,
陳冰華,
鄭展儒,
吳筱涵,
張慧娟,
陳俊菱,
趙傑薇,
謝宜伶,
韓婷婷,
陳怡靜,
陳至天,
林重揚,
黃君仲,
楊琬婷,
姚旺姍,
朱信宏,
陳莉雯,
翁惠茹,
王美惠,
黎文婷,
張可火,
諸育萱,
沈志銘,
陳薇合,
江美珠,
鄭伊怡,
鄧竣傑,
許雅琪,
錢佳慧,
鄭宜潔,
楊筱以,
李易名,
林家豪,
袁建豪,
阮志豪,
李家豪,
黃玉婷,
陳怡安,
劉建志,
彭仲昇,
蔡漢修,
翁泰菱,
鄭火孝,
貝彥廷,
杜亭君,
李紹城,
林怡月,
廖家軒,
陳易延,
陳華靖,
張佳蓉,
劉怡韋,
杜修政,
唐宏偉,
黃正全,
李靜怡,
吳宛孜,
謝青綸,
高南辛,
嵇奕辰,
陳文凱,
杜宇翔,
陳淑芬,
黃宛君,
郭郁涵,
王智仁,
陳歡延,
毛成寶,
陳姿婷,
丁景翔,
張隆佩,
林育霖,
錢南卿,
周耿哲,
陳紹茵,
蕭坤瑩,
高宛儒,
王上音,
黃婉如,
張巧志,
林淑幸,
張哲和,
林韻凡,
李均舜,
黃偉亦,
李合林,
陳舒佐,
張為汝,
彭建豪,
葉玫齊,
李家祥,
王俊名,
潘惠雯,
黃政霞,
周姿吟,
鐘杰英,
黃科元,
陳致宜,
宋妍仲,
蔡宗誠,
李孟倫,
蔡詩婷,
陳佑延,
夏偉寶,
黃慧竹,
林承谷,
劉雅文,
賴怡伶,
陳詩群,
林維倫,
陳柏鈞,
李國真,
林維貴,
羅思穎,
黃皓聿,
郭怡菁,
吳家豪,
戴俊毅,
陳家山,
張展倫,
吳哲豪,
陳之芝,
許淑芳,
吳夙啟,
林惠婷,
吳嘉豪,
王淑辰,
林家香,
謝江鈺,
王祐民,
陳喬儒,
張韋伶,
林于婷,
李易紫,
黃韻如,
葉美珠,
馮秀珍,
盧柏雄,
張忠蓉,
蔡雨瑩,
蕭嘉鴻,
李宜珊,
祖萬旺,
王書依,
梁千峰,
陳惠修,
胡鎮杰,
李春木,
林雅侑,
邱淑珍,
高中妍,
林萬喬,
徐嘉苓,
何佳桓,
鄭一諭,
許韋成,
謝婉婷,
王怡潔,
吳明翰,
林定佩,
黃嘉偉,
陳志谷,
林林宇,
杜燦年,
郭淑萍,
廣尹禮,
吳宗毓,
洪嘉孝,
李承穎,
梁孝忠,
李明冰,
劉昌洋,
蔡瑤柔,
曹孝歡,
張佑霖,
魏育萱,
梁耀姍,
李俊云,
侯雅芳,
張思穎,
鄧和儒,
劉國育,
鄧嬌歡,
李為雄,
黃俊俊,
許苑恬,
張家信,
鄭瑞諭,
謝賢貞,
潘伊芸,
阮俊良,
林育全,
林芳婷,
洪美慧,
王苑啟,
沈彥宏,
郭曉玲,
陳冠航,
陳秀明,
黃世瑜,
許佑春,
陳林青,
謝佩玲,
陳泓沛,
林俊妏,
陳子豪,
陳俐華,
馮振發,
黃麗芬,
吳怡婷,
施必宏,
鄭台強,
王子卿,
劉麗玲,
黃士哲,
陳峻豪,
王炳豐,
黃芳育,
陳國欣,
索子揚,
李科銘,
陳怡如,
賴宗翰,
賴威宇,
賴昭聖,
黃聖堅,
江文婷,
楊欣穎,
林健豪,
鄧佩君,
林芳洋,
黃俊佑,
胡欣樺,
吳雅羽,
林幼琳,
陳宏儒,
謝佳欣,
劉琬珮,
林佳蓉,
閔筱涵,
駱志銘,
吳怡臻,
洪婉君,
鄧慶虹,
黃政霖,
陳玟桂,
柳欣怡,
劉凱婷,
李馨弘,
楊侑哲,
李怡如,
林科歡,
汪宛真,
游若為,
謝雅慧,
黃千蓮,
張文紫,
陳韻仁,
郭人桓,
詹淑惠,
沈淑美,
黃郁齊,
林茂亨,
林子白,
周秀英,
陳佳慧,
洪佐函,
陳嘉谷,
王昱諭,
楊雅慧,
倪京芳,
黃昱珠,
謝慧娟,
李俊定,
魏佳蓉,
王美廷,
楊必剛,
徐祖妮,
戴秀英,
鄭惠幸,
陳昱龍,
郭秀芬,
陳郁宏,
楊淑潔,
林尚樺,
胡琬婷,
趙玫水,
顏冠傑,
彭函紹,
寇凡映,
明晴辰,
蔡明倫,
李秀能,
陳予法,
吳佳萱,
涂妤富,
林鴻凱,
施真卉,
蕭秉丞,
杜建文,
吳偉翔,
許雅玲,
黃柏恩,
張惠婷,
杜玉沛,
陳佳玲,
許宏寶,
林詩歡,
胡丞亮,
林宜蓁,
蕭宣恒,
許玉友,
黃建士,
許佳蓉,
李冰發,
林孟美,
鄧俊豪,
謝星諭,
曹儒水,
張婕妤,
鄭詩婷,
周昕娟,
陳淑誠,
陳家宏,
陳佩樺,
王韻如,
許雅君,
馮偉翰,
趙怡君,
陳慧恬,
胡思翰,
鐘星新,
袁宛璇,
邱意吉,
陳永妤,
陳政富,
林燕維,
崔秀美,
鐘佩如,
陳佳琴,
陳惠合,
李愛帆,
韓韻婷,
林立治,
李怡靜,
韓志文,
李東秀,
吳晉義,
陳韋伶,
張書威,
李明云,
徐之德,
仇育德,
吳人豪,
陳秋揚,
袁佩芳,
林堅潔,
彭志偉,
陳姵山,
劉佳谷,
高承翰,
涂儀勳,
劉怡岑,
周博琪,
張依婷,
謝桂郁,
吳志明,
賴岳伶,
陳伯淑,
張淑芳,
楊馨靖,
楊智軒,
陳俊豪,
蔡穎俐,
王卉佳,
趙京琇,
饒婷婷,
蔡佩君,
江宗憲,
傅宣輝,
林曉恬,
朱正純,
張俊傑,
張怡君,
柯毅谷,
黃建松,
洪辛康,
張雲淳,
黎志宏,
賴建云,
劉坤真,
李冠志,
劉欣怡,
王紀妹,
郭俊妤,
吳瑜友,
黃薇琦,
蔣國偉,
張堅花,
陳智人,
陳瑋白,
王雅純,
袁富萱,
林于倫,
王勝妹,
蔡君枝,
黃雅宇,
蔡國榮,
陳上寧,
曹佳蓉,
林郁妃,
李冠中,
陳曉欣,
黃國以,
陳易誠,
王欣儀,
黃瓊祥,
甘欣潔,
陳麗蘋,
黃慧文,
張博容,
錢欣潔,
丁威芳,
謝心怡,
陳瑋倫,
簡善容,
林昆瑞,
林政達,
陳柏青,
李如君,
陳芳如,
鄧白海,
黃士哲,
談莉雪,
林玲侑,
黃睿瑞,
蔡蘭辰,
李蓉霞,
張鈞水,
徐怡君,
簡豪湖,
吳承光,
陳曜宇,
陳文東,
楊翔恒,
陳勇純,
張建桓,
吳佩輝,
蔡欣儀,
陳佳江,
羅曼妹,
邱儀聖,
楊瑋伯,
彭佩珊,
鄧淑婷,
林佩珊,
蔡智凱,
姚雅鈴,
沈偉成,
崔文傑,
葉冰輝,
劉欣潔,
施雅玲,
林瑋瑄,
劉佳容,
楊孟綠,
陳明映,
郭亭君,
謝孟芝,
潘冠宏,
曹國紋,
藍雅君,
陳柏豪,
林佩珊,
王凱倫,
蔡筱婷,
陳珮季,
楊肇茜,
黃惠城,
沈家綺,
高向蘭,
許智仁,
陳姿妤,
林淑惠,
許江仲,
葉怡蓁,
林盈新,
盧承翰,
李合和,
翁琦威,
張凱韋,
吳宜茵,
陳佳玲,
唐夢其,
王詩臻,
蔡佩淑,
羅淑惠,
黃善琇,
陳宜靜,
陳孟華,
林財航,
劉佳穎,
許智海,
滕紹軒,
吳佩穎,
賴盈秀,
黃嘉慧,
余弘娟,
袁宜州,
曾信宏,
郭雅芬,
倪建辛,
柯宏胤,
賴怡姍,
羅建宏,
陳正意,
吳欣洋,
王軒茂,
陳姵軒,
王智秀,
張世豪,
郭永謙,
余珮月,
謝欣峰,
張麗娟,
陳偉婷,
李欣以,
胡佑福,
楊梅傑,
劉奕辰,
張忠軒,
李奕白,
葉緯修,
宋怡君,
金靜芳,
張建宏,
陳玟安,
洪麗珠,
許佩君,
童常吉,
吳怡芬,
黃明杰,
陳玟玉,
唐雅慧,
張承沛,
吳冠宇,
袁東虹,
溫仰恩,
倪哲維,
孫仲凱,
王嘉洋,
謝韋珠,
馮宜謙,
吳家弘,
李宜盛,
危世鑫,
葉怡如,
翁郁翔,
謝依亞,
翁貞萍,
劉宗達,
杜淑娟,
黎君昕,
柳羽娟,
黃禹堅,
蕭芳瑜,
謝明一,
楊淑富,
黃偉均,
陳博鈞,
劉孟倫,
簡人芳,
楊家銘,
黃信臻,
萬孟修,
劉美桓,
童惠如,
張子軒,
邱偉哲,
趙俊榮,
謝依惠,
李至維,
游君豪,
陳光蓉,
徐冠良,
孫俞倩,
陳柏輝,
蔡佩俐,
陳松依,
張雅慈,
曾秀英,
黃佳穎,
王麗珠,
林忠孝,
林詩謙,
謝怡君,
蔡佳穎,
侯怡君,
陳月春,
黃良希,
李緯聿,
邱苑謙,
鄭苑夢,
陳思穎,
張宣山,
張中綺,
李孟瑋,
吳致忠,
陳士賢,
陳玉州,
王惠強,
周柏廷,
張瑜鴻,
魏俊宏,
陳皇生,
劉紹瑞,
蔡宗翰,
潘昶迪,
王怡萱,
彭佳慧,
梁盛勳,
謝明裕,
盧雅筑,
宋麗雯,
吳博仁,
鄭郁賢,
吳珊穎,
劉妙麟,
王裕仁,
陳建宏,
謝怡君,
侯恩禮,
謝佩卿,
阮庭廷,
蔡嘉琳,
謝文苓,
張若文,
朱右屏,
黃昆霖,
張憲斌,
劉佩玲,
謝瑞翰,
趙亭愛,
潘亞旺,
陳淑男,
陳韋苓,
黃怡君,
王海美,
吳勇智,
全雅馨,
陳勇妏,
許名蓁,
柳聿恆,
林育佳,
李祖妮,
林語男,
蔡明城,
劉明儒,
宋潔芳,
陳必龍,
張意鴻,
陳淑娟,
黃雅靖,
高香君,
許翔康,
周燦文,
徐慈銘,
劉建俐,
趙琦良,
呂雅君,
柯偉誠,
江世昌,
謝俊宏,
黃慧育,
林孟修,
文哲嘉,
曹夢發,
鄧駿裕,
許培豐,
鄭月燕,
姜沛惟,
陳伊昇,
黃名任,
林義志,
戴育德,
林珊麟,
錢雅婷,
黃慧中,
張竣芸,
李建輝,
黃偉恩,
何丹佳,
李柏勳,
簡雅竹,
陳依亦,
呂劭斌,
黃軍真,
張韻如,
趙毅梅,
黃子育,
韓智傑,
郭偉傑,
吳純宣,
鄭漢傑,
朱慶婷,
張怡文,
劉旻夢,
李明輝,
馬江竹,
蔡茜卿,
陳威貞,
袁彥璋,
賴彥友,
吳慧珊,
陳佩穎,
賴雅惠,
趙彥廷,
劉佳南,
駱呈玲,
黃均萍,
童惠雯,
倪南翰,
閔欣怡,
陳映昕,
陳淑娟,
林佳穎,
蔡樂廷,
毛夢玲,
賴嘉輝,
胡宏潔,
賴筠智,
陳琬心,
黃姿蓉,
許雅妮,
曾子芸,
甯俊緯,
郭淑光,
陳慧婷,
童淑延,
李佳雯,
江呈香,
吳孟皓,
許雅筑,
廖台光,
楊平航,
周兆威,
何德尹,
林香嬌,
劉麗華,
劉冰芬,
陳惠萍,
楊孟瑩,
黃淑萍,
馬婷芃,
趙亭君,
張士福,
楊振瑋,
吳文卿,
金晉珊,
蘇晉琬,
林嘉慧,
狄佳蓁,
林瑞揚,
蔡志純,
李俊希,
林燦菱,
鄭歡偉,
蕭佩湖,
林春育,
林宏儒,
劉成音,
錢明隆,
姜佳舜,
王夙妃,
程雅惠,
吳靜雯,
林俊賢,
甘宣雲,
陳冠友,
黃惠玲,
黃佩君,
葉玉劭,
許希榮,
王嘉祥,
陳逸齊,
陳韋廷,
毛則博,
林俊男,
吳嘉豪,
陳志成,
陳雅婷,
陳怡如,
楊雅雯,
陳逸航,
吳書豪,
楊惠婷,
邱鎮隆,
陳柔民,
吳珮芝,
陳瑜廷,
林恩卉,
張婉婷,
陳凱婷,
陳俊元,
黃宥舜,
羅宗穎,
李宜君,
蘇佳樺,
潘江柔,
李宜均,
賴愛俐,
賴堯中,
陳如秀,
王佩珊,
黃琬諭,
黃佳康,
徐桂妍,
洪美慧,
李怡堅,
陳靜怡,
趙淑芬,
許佳蓉,
林康仁,
謝宗春,
陳萬羽,
張家賢,
潘秀珍,
林佑心,
陳允岳,
趙金鳳,
蔡建佑,
李婉萍,
戴聿軍,
彭政翰,
王炳青,
陳志季,
王亞斌,
陳文帆,
陳雅茹,
潘元憲,
曾政勳,
蔡宗翰,
蔡政廷,
楊偉倫,
王于婷,
陳山玉,
張佩如,
蔡紋容,
吳舒婷,
李慧婷,
林宗凡,
王志豪,
林淑弘,
姜心臻,
王宗偉,
陳怡廷,
姚竹誠,
陳傑雲,
張敏元,
王雪海,
方忠慧,
謝初勳,
黃晏云,
詹思涵,
王佳蓉,
劉亮方,
游佳玲,
楊平白,
林淑芬,
黃瓊桂,
賴彥翰,
蔡詩雅,
王淑玲,
王琳江,
胡惠茹,
陸姿潔,
江揚姍,
張智俊,
尚珮隆,
蔡昇昀,
王心怡,
王水維,
狄卉筠,
程育如,
夏雅玲,
鄭碧仰,
張耀音,
蔡秋燕,
王怡伶,
張怡伶,
蕭書瑋,
鄭國榮,
蔡昭夢,
張志忠,
鄭一銘,
柳惠雯,
潘嘉哲,
吳明憲,
毛怡伶,
周正馨,
陳莉雯,
劉子洋,
吳麗珠,
李裕士,
林昆霖,
王博達,
吳宜臻,
薛京恒,
宋軍志,
蔡瑞茹,
蔡宜良,
黃啟琴,
陳淑娟,
張嘉天,
李義全,
劉志茵,
陸俊德,
酈欣安,
鄭奕杰,
賴彥吟,
鄭冰方,
袁明志,
楊儀璇,
黃淑正,
陳瑋恩,
雲瑋玲,
陳文軍,
趙雅慧,
陳佑音,
王建瑋,
鄧阿伶,
蔡明蘋,
陳玉東,
黃文麟,
張雅筠,
吳淑苓,
連丞蓉,
杜仲穎,
盧美珠,
周炳政,
梁慧玲,
蔡成康,
王思賢,
王佩璇,
沈淑貞,
陳玉凌,
陳昇薇,
郭承穎,
鄧筱婷,
毛志明,
宋志維,
張阿恩,
杜志瑋,
孟于郁,
侯佳琪,
李吉正,
孫心揚,
趙書州,
陳宗穎,
劉清智,
冷劭,
林瑞城,
蔡可舜,
李育萱,
林芃方,
李柏霖,
張韋伶,
陳嘉祥,
黃志杰,
蔡孟月,
李雅惠,
曾羽芬,
林夙政,
李惠娟,
吳懿全,
邱俊花,
扈上堅,
陳雅雯,
謝珈珠,
郭孟儒,
翁之義,
張淑希,
張育然,
黃嘉玲,
梁貞峰,
林靜城,
李俊成,
郭懿名,
黃淑芬,
李易雯,
家翰威,
郎麗芬,
黃昀羽,
謝淑娟,
王如茵,
蔡翔隆,
李依萍,
童美惠,
陳信怡,
鐘靜虹,
陳介弘,
梁恭善,
鄭丞玲,
林宜俊,
劉詩婷,
楊馥蓁,
陳昭皓,
孟偉翔,
林惠珠,
黃士純,
陳雅慧,
李立琦,
葉蕙菁,
劉凱鈞,
陳怡蓁,
李欣雲,
方孟倫,
王彥志,
黃子堯,
胡隆揚,
賴莉雯,
許淑喬,
陳美慧,
梁家綺,
許淑桓,
黃文幸,
王倍添,
謝明汝,
陳柏廷,
王恩惟,
劉慈航,
浦祥凌,
張宜臻,
林淑敏,
賴思穎,
張佳萱,
余枝智,
張玫斌,
黃瑋婷,
劉惠雯,
劉雅雯,
林恭士,
陳玉玲,
梁忠翰,
陳其仲,
王純岑,
何倍亮,
蔡維哲,
曾倩玄,
賴心怡,
陳怡萱,
陳育廷,
蔣岳甫,
林宥歡,
簡靜如,
鄭玉鳳,
姜家豪,
詹萱廷,
陳怡如,
陳儀洋,
吳政音,
陳舒婷,
羅毅妤,
許俊凱,
何佳穎,
張明哲,
陳俞信,
吳憶盈,
王秀孜,
葉書瑋,
郭淑英,
張志銘,
陳品亦,
鄭則淑,
溫佩琪,
馬芳如,
陳婉民,
王家宏,
林金忠,
劉瓊文,
吳明彬,
傅逸凡,
鄧瑤佩,
林宗伸,
王秀海,
蔡姿妤,
羅聖行,
李秀美,
陳志鴻,
吳佳慧,
蘇耀文,
呂翔希,
陳柏柏,
黃瑞鑫,
李重月,
盧信豪,
孫志豪,
謝芳毓,
吳智堯,
林與季,
張文娟,
吳堅山,
盧山昆,
邱至水,
陳裕坤,
黃夙綸,
許孟勳,
李舒汝,
張庭瑋,
蔡志萍,
丁于珊,
林家舜,
李家陽,
張如君,
鄭佩蓉,
吳宜吉,
胡雅婷,
李嘉甫,
陳秉玟,
李愛祥,
王柏鈞,
林昱芬,
鄭傑辛,
張毓行,
朱怡君,
蔡瓊文,
李枝沛,
楊惠霞,
陳筱涵,
賴哲嘉,
林建倫,
葉宛君,
吳彥君,
吳彥璋,
趙美玲,
羅智強,
賴馨愛,
劉筠孝,
黃莉郁,
周茹清,
賴瓊文,
王晏維,
黃彥中,
鄭凱廷,
劉彥喬,
袁俊宏,
林芳利,
楊白玲,
蕭志嘉,
林俊坤,
衛珮珊,
王思玲,
黎俊傑,
余鎮茂,
王為淑,
徐銘誠,
林雅萍,
王淑芬,
徐偉萍,
林勳延,
梁樂緯,
朱海坤,
張家桓,
謝明來,
郁怡萍,
胡妍鴻,
吳國瑋,
孫欣怡,
李宜君,
錢于倫,
潘兆安,
張凱琳,
陸湘婷,
高家瑩,
吳宗達,
蔡佩任,
陳振凌,
黃友英,
林勳萱,
楊原源,
林怡萱,
黃光民,
郭慧娟,
陳翊龍,
涂雅萍,
黃琬諭,
林靜城,
許嬌娥,
李武盛,
蔡怡靜,
張家賢,
王永茹,
黃靜芳,
張俊廷,
王俊琳,
楊恒康,
陳思孜,
林柏幸,
王芳儀,
謝佳穎,
王怡杰,
劉怡欣,
李宜心,
蕭聖麟,
許淑珍,
陳慧其,
張佩芝,
林政翰,
黃易茜,
陳偉玉,
李政翰,
陳惠婷,
王心怡,
王幼中,
林可蘋,
王孟哲,
許姿婷,
李伊雨,
林婉純,
金馥堯,
葉忠萱,
李姿瑜,
林嘉志,
張淑霞,
林依傑,
陳書瑋,
蘇舜文,
方偉威,
張丹凡,
黃筱瑜,
陳美慧,
黃慧裕,
王姵春,
謝文雄,
胡政哲,
蕭英傑,
張志杰,
陳珮君,
王國華,
鄭紹茹,
郭逸甫,
林曉中,
林勳奇,
柳青瑤,
黃惠行,
毛佩怡,
陳哲維,
阮雅婷,
陳嘉正,
王伶迪,
夏孟珊,
陳珮瑜,
蔡智虹,
蔡明彬,
吳怡君,
陳映其,
王雅如,
羅芳純,
劉振其,
張揚汝,
謝佳純,
欒家慧,
蘇善江,
鄭家賢,
陳盈君,
張智文,
吳宛智,
廖偉仲,
林子佩,
蕭秀慧,
陳慧玲,
毛定禎,
吳嘉琪,
黃心民,
陳姿婷,
陳維倫,
郭靜怡,
黃雅婷,
陳韻仁,
顏昱宏,
郭政霖,
林燕馨,
劉榮揚,
林峻豪,
洪宗憲,
蔡貞禮,
王君豪,
張家賢,
林青仰,
宋昀祥,
張玉月,
趙禮鴻,
張婉儒,
楊佳琪,
賴伯妹,
陳柏中,
施雅惠,
邱緯江,
曹克憲,
彭美娟,
王淑青,
何吉福,
林韻毓,
陳祥邦,
盧怡君,
黃慧萍,
蔡家綺,
楊智航,
吳文妹,
張英傑,
李宏偉,
魏彥燦,
林家豪,
許姵樂,
陳凱倫,
詹明輝,
張吟樂,
雲雅婷,
陳宜真,
高彥廷,
王怡芳,
李湘卿,
夏逸群,
顏淑芬,
張國駿,
畢伯儀,
林奕義,
賴士傑,
楊惠軍,
游泰麟,
侯家豪,
毛南豐,
陳國裕,
謝孟儒,
張光富,
王卓順,
王家豪,
張盈岑,
陳怡心,
王詩裕,
蔡瑋倫,
周彥翔,
金詩婷,
林新斌,
林容廷,
黃志宇,
陳政冰,
王石心,
潘慈秋,
方台佩,
王佩琪,
杭育儒,
烏仰宜,
姜佩芸,
林淳哲,
洪弘妹,
王若淑,
鄧佳蓉,
曹麗玲,
趙柏翔,
錢柏宇,
姜永劭,
陸康修,
唐雅如,
賴漢君,
鄭雅倩,
鄭佳瑩,
劉芳瑜,
徐凱婷,
鐘思翰,
蘇郁任,
林于樺,
晏馨儀,
陸宏達,
黎木添,
杜孟勳,
林中倩,
邱怡欣,
盧修姍,
廖韋志,
張必倩,
尤慶靖,
黃建揚,
張彥良,
林慧泉,
朱宗穎,
陳美諭,
楊佳軒,
崔羽玫,
黃宗霖,
方淑芬,
楊鳳能,
高靜怡,
陳國宜,
周哲維,
左尚興,
吳嘉凡,
陳阿孜,
張豪芷,
傅一為,
黎逸玫,
洪淑惠,
高延杰,
陳智誠,
倪月旺,
張惠城,
林育德,
林明惠,
林邦甫,
王金仁,
康泓瑩,
宋湘州,
藍丹能,
吳佩彥,
蔡孟雨,
陳惠如,
張智強,
祖富男,
陳雅雯,
吳宜凡,
林明昌,
陳佩君,
周承翰,
許惠城,
張毓剛,
張柏翔,
李珮鑫,
林志銘,
林淑欣,
陳偉誠,
廖郁彬,
張宗達,
毛威任,
黃秉勳,
李千云,
陳文彥,
吳士哲,
王貴寧,
陳致東,
陳詩彬,
梁乃文,
劉靜芳,
林義雨,
陳佩美,
李政東,
林則海,
吳于真,
鄭志祥,
黃彥甫,
葛卉傑,
阮威德,
張志宏,
高耀文,
張家菱,
許苡臻,
謝文齊,
陳艾良,
蔡孟妹,
王文能,
王佩珊,
張智屏,
林禎芸,
韓育瑋,
李淑婷,
陳苑木,
盧淑惠,
羅婉菁,
邱香亦,
黃靜宜,
劉盈甄,
梁昆霖,
宋怡婷,
李均琴,
張怡潔,
孫奕雲,
張書亨,
林君年,
黎鳳珠,
羅亦駿,
陳俞貴,
林慧霞,
黃嘉真,
劉文賢,
葉昭昇,
施佩玲,
張俊成,
陳致喬,
張盈秀,
林淑惠,
唐薇順,
夏得淳,
張惠玲,
宮白法,
夏淑婷,
陳佳宏,
侯盈芷,
戈幼正,
鄭裕昇,
黃璇甫,
陳景鳳,
藍浩為,
謝至仁,
洪莉屏,
吳淑貞,
王俊宏,
孫建智,
李建勳,
胡彥璋,
林俊豪,
劉育美,
曹幸岳,
劉佳芳,
張嘉剛,
李佩卿,
陳惠珠,
林盈恩,
洪政南,
吳沛其,
陳馨為,
劉艾蓮,
潘成璇,
郭聖凱,
顏美惠,
蔡劭郁,
吳家慧,
高艾茂,
林孟皓,
郭燕琴,
王婷杰,
劉怡岳,
鄭得凱,
孫木琇,
張俊豪,
許嘉谷,
林怡君,
趙寧豐,
李姿愛,
林俐心,
林志惠,
王侑原,
賴慧娟,
張筱芸,
賴佳蓉,
戴瑋婷,
劉雅新,
郭天能,
杜怡君,
羅晏杰,
李怡均,
張惠文,
蕭祖君,
謝佩蓁,
吳毓樺,
馮中民,
李文宏,
黃國瑋,
吳慧年,
蔡揚梅,
簡倩芷,
張嘉妏,
何宇翔,
侯宇陽,
夏家瑋,
郭政哲,
劉秀娟,
賴孟倫,
賴芃桂,
陳政宏,
黃筱涵,
胡雅嵐,
陳威德,
張雅恬,
黃財均,
張雅慧,
韓敬玫,
馬政憲,
懷智鈞,
詹俊宏,
陳明珠,
林慧谷,
劉敏琦,
吳秋迪,
吳姿星,
胡善翰,
曹志文,
唐思賢,
潘惠娟,
李彥文,
鄭宗憲,
陳右合,
王子芬,
陳尚成,
陳淑玲,
何武秀,
李雅玲,
羅亮璇,
陳凱生,
楊莉蘭,
陳威盛,
楊枝如,
楊怡均,
王呈哲,
陳玉玲,
王翊財,
鐘士豪,
吳詩婷,
郭佳琪,
黃靜宜,
楊志弘,
黃郁旭,
陳建中,
林怡欣,
鄭崇邦,
常宗士,
李俐恒,
林瑩花,
黃雅慧,
常柏毅,
傅姿瑩,
朱思妤,
崔綺琬,
舒宜臻,
麻卉甫,
李宜珊,
余淑玲,
李筱婷,
李廷夫,
魏宜潔,
李偉婷,
林竹瑄,
陳筱紹,
林佳威,
李淑岳,
柳雯瑋,
楊俊吉,
張芳瑜,
袁雅君,
璩怡君,
陳延安,
陳建天,
郭琇聖,
吳孟旺,
林奕廷,
王佳蓉,
張美玲,
鈕亮薇,
張良茹,
黃慧茹,
王信宏,
程玄齊,
郭亦萱,
黃詩杰,
徐靖雯,
陳虹月,
吳秋幸,
高怡意,
蔡雅玲,
吳凱元,
朱良宏,
蘇于珊,
邱韋伶,
王明洋,
趙偉孜,
黎祖瑄,
姜雅琳,
葉方男,
陳家人,
梁木翰,
楊于真,
林婉修,
林淑芬,
蘇孟修,
陳育信,
姜康成,
李明泰,
林政奇,
曾香岑,
陳正成,
李美龍,
張益欣,
謝詩涵,
陳文志,
賴啟學,
溫麗卿,
黃嘉豪,
羅怡君,
邱幸帆,
張永凡,
張凱淳,
黎婷智,
藍昱廷,
徐偉佩,
王其宜,
張有友,
烏佩珊,
黃忠翰,
許書瑋,
李柏青,
林佩揚,
連盈淑,
蘇貴琬,
陳柏玫,
童憲儀,
陳慧萍,
盧昶瑩,
李文豪,
黃銘俐,
蕭美彬,
黃湘蘭,
陳怡君,
郭逸伯,
許政翰,
姜寶木,
謝佳穎,
張政火,
傅名甫,
鄭士弘,
黃潔侑,
溫世傑,
劉萱季,
黃翰甫,
呂南蘋,
王采妍,
郭財帆,
吳舜文,
蔡哲珍,
聶聿菱,
陳志偉,
林尚琬,
懷佳玲,
黃孟涵,
簡以真,
張美伶,
彭豐香,
王廷宜,
黃純堅,
賴秀玲,
鄭奇斌,
王玉淑,
李哲瑋,
林怡雨,
林秀雄,
王俊松,
盧淑慧,
蔡建廷,
王維倫,
李怡靜,
劉兆清,
蔣俊賢,
王怡齊,
賴心怡,
李美玲,
韓慧珊,
陳祥均,
鄭右秋,
陳淑慧,
王昱宏,
吳姿妤,
李宜奇,
羅智凱,
吳俊毅,
劉雅春,
楊宜蓁,
江靜宜,
張哲鑫,
張淑娟,
張琪鴻,
劉山文,
王筱侑,
陳紫帆,
陳國恆,
詹財仲,
游俊宏,
李家綺,
蔡依然,
張尚心,
宋惠君,
曹佩君,
鄭伊婷,
郭中秋,
蔡雅惠,
彭怡靜,
謝文隆,
黃琬裕,
張平胤,
金岳男,
李冠廷,
楊伊鴻,
姚智翔,
陳映怡,
黃郁美,
王依潔,
張佳樺,
李柏泰,
陳雯婷,
潘語義,
謝信宏,
張嘉玲,
蕭一紫,
林孟旺,
吳惠玲,
毛則綺,
游育廷,
江婉菁,
陳惠珊,
周美珍,
韓家榮,
黃文諭,
謝宇軒,
李宛貞,
陳桂心,
陳怡盈,
彭有辛,
胡裕翔,
林修漢,
林美財,
黃子豪,
謝淑玲,
劉珮甄,
陳佳勇,
張慧萍,
張小燦,
沈曉玲,
黃政琬,
李常樂,
王雅琳,
王豐治,
黎昀水,
孫佳穎,
陳家齊,
謝佳佩,
黃宏典,
李柏成,
許家桓,
吳怡孜,
黃歡軍,
李姿茂,
呂佳霖,
謝奕廷,
彭亦純,
李孟穎,
陳昱宏,
馬華儀,
劉冠勳,
張嘉生,
米欣儀,
韓季能,
榮旻白,
劉美惠,
林樂和,
倪人雄,
羅秀娟,
林誠書,
謝淑娟,
楊盛杰,
黃志以,
林美珠,
謝文玫,
張瑞心,
楊勇邦,
潘美君,
池俊宇,
鄭翔貞,
陳盈全,
林彥姍,
吳宛宏,
許惠映,
羅雅婷,
李孟其,
劉美惠,
王秋萍,
廖昇泉,
李承凌,
洪怡君,
盧豪林,
李姿妤,
陳柏易,
陳建瑋,
梁羽志,
郭志傑,
黃瑤哲,
李冠宏,
應琬婷,
王如正,
陳姿洋,
貢志佩,
孫弘韋,
黃志鴻,
王先如,
李彥心,
蘇欣傑,
黃貴伸,
黃嘉雯,
黃啟珠,
林函茜,
林正映,
謝淑媛,
陳家齊,
劉可豪,
查惟淑,
劉揚美,
趙幸杰,
黃函中,
王群蘭,
羅明宏,
彭美玲,
徐姵育,
張冠良,
林瑋嬌,
張大鈞,
連雅君,
廖郁翔,
黎如君,
鄭宇法,
連佳怡,
楊俊榮,
朱純鳳,
柳裕仁,
黃國霖,
林政茹,
吳崇富,
馮孝紹,
吳欣珍,
劉怡秀,
陳世祥,
張雅慧,
黃鈺萱,
陳昱喜,
吳惠文,
林舒強,
劉雅筠,
林昆霖,
倪佳穎,
葉毅仲,
吳豐琬,
蔡志愛,
吳雅政,
張行鴻,
溫俊航,
阮曉芳,
謝明禾,
黃妤富,
趙千娥,
吳培彥,
翁俊賢,
劉崇恒,
劉瑤年,
趙立宏,
黃修秀,
賴怡宣,
吳家安,
劉兆妍,
李宗穎,
鐘美玉,
林佑依,
張耀昇,
蘇雅芬,
張育維,
藍佩君,
黃怡伶,
陳秀鑫,
刁茹迪,
羅易凱,
陳政哲,
王建法,
李文光,
蔡堯珮,
陳傑堯,
汪璇佐,
許文修,
張威廷,
黃志宏,
柯仁杰,
田千俊,
陳彥希,
胡傑堅,
張秀桂,
黃群鈺,
馬明輝,
張耀德,
黃易貴,
楊軒妃,
李聖凱,
黃建宏,
傅美雲,
魏俊杰,
林國榮,
李宏偉,
林慧行,
錢慶娥,
蔡進伯,
陳淑娟,
楊勇陽,
吳珮雯,
郭家屏,
陳冠廷,
吳佳迪,
梁修勇,
蔡佳雨,
蕭雅岑,
柯則華,
孫崇惠,
羅怡如,
李林雯,
吳瑋修,
施欣怡,
陳博文,
孫彥宏,
林瑞駿,
張承翰,
楊芳一,
張士傑,
游志海,
林依萍,
陳建昆,
李純啟,
詹怡婷,
呂必娥,
馬政勳,
林重豪,
謝宛修,
盧逸凡,
王廷俊,
宋毓季,
黃家英,
李欣孝,
趙淑芬,
劉治伯,
吳佳玲,
許勳生,
鄭漢陽,
劉玉婷,
陳聖元,
黃靜怡,
顏盈豪,
蒯欣怡,
李佩璇,
蕭貞儀,
黃靜原,
馮惠文,
廖乃亮,
葉麗娟,
倪俊宏,
謝苑福,
徐柏廷,
夏剛蓁,
賴玉婷,
黃姿其,
張明宏,
蔡雅鈴,
張羽芬,
張則志,
汪尚音,
蔡茂芳,
駱采紫,
沈雅萍,
阮政翰,
陳侑卿,
王俊桂,
楊惠竹,
羅郁文,
陳勇昕,
蔡惠玲,
林佩蓉,
張雅雯,
陳慈妏,
林潔劭,
黃瓊沛,
吳凱仲,
林昀皓,
謝書瑋,
張世奇,
楊雅花,
黃國友,
蔡育祥,
吳淑玲,
葉金喜,
楊昆恩,
洪淑凱,
方心怡,
李佳文,
吳柏恬,
傅致遠,
伍郁婷,
陳嘉偉,
沈怡君,
戴麗卿,
王俊成,
李怡婷,
黃惠行,
李雅雯,
鄭慧玉,
汪昌美,
張裕希,
張瑋琴,
林美惠,
李靜佩,
蔡靜怡,
陳慧均,
黃詩宏,
陳建名,
黎沛婷,
李淑芬,
涂子軒,
簡志善,
葉嬌城,
申宛蓉,
林柏定,
周曉薇,
林芳彬,
蔡建豪,
黃彥良,
梁奎瑜,
吳家綺,
林禮翰,
鄭淑娟,
張雅俊,
張火玉,
楊麗萍,
陳晏妍,
宋英清,
蔡佩揚,
楊泰琪,
楊柏成,
林茂玫,
林俊毓,
楊水宸,
李怡亞,
張嘉雯,
蘇秀玲,
張欣怡,
周婷婷,
林冠志,
方興揚,
李俊偉,
吳琇憲,
王嘉玲,
李穎駿,
林義恆,
蕭智仁,
鄭志侑,
徐上來,
郭淑昆,
許建宇,
李聖凱,
林正屏,
楊勝欣,
劉冠泉,
倪艾喬,
林恩法,
林雅馨,
郭杰奇,
潘瑤原,
唐俊毅,
羅亭君,
陳柏勳,
黃俊穎,
張上竹,
白雅全,
王富發,
盧宜靜,
陳宗翰,
呂乃文,
陳家豪,
侯治孜,
陽雅婷,
馮瑋婷,
林冠岑,
王偉智,
方盛瑞,
芮素胤,
劉碧恭,
謝典添,
黃琦州,
郭于婷,
李任友,
蔣佩儒,
杜真倫,
鐘威孜,
葉必琇,
賴涵樂,
周欣怡,
唐亭君,
賴婉如,
宋淑華,
林玟木,
楊忠卿,
蔡淑善,
林士傑,
吳志銘,
黃致秀,
周志光,
張瑞弘,
胡左人,
張佩蓉,
黃佳秀,
林琦胤,
羅禹琇,
程雅萍,
林竹祥,
吳富佩,
鄭和芝,
童偉婷,
吳立新,
高則勇,
施志傑,
白茹林,
林秋廷,
趙怡雯,
吳亭君,
林家瑋,
楊俊彥,
陳先松,
張書瑋,
陳思諭,
陳卉盈,
曾家瑋,
陳佳玲,
馮紫仰,
陳慧舜,
陳雲花,
羅鈺天,
洪菁貞,
蔡雅婷,
張均治,
潘欣潔,
洪宣元,
劉博鈞,
劉建昇,
戴翊人,
劉彥利,
許家和,
林文欣,
李安珍,
袁佐義,
林岱民,
錢岳雅,
陳寶芷,
王建中,
楊蘭佐,
趙純恭,
李志遠,
黃晏誠,
蒯淑芬,
劉冠廷,
蔡峻歡,
馬怡如,
林宗坤,
方志穎,
羅惟夢,
葉建良,
許茜綺,
趙翔芝,
張哲達,
駱合夫,
毛秋燕,
吳玉燦,
張嘉發,
沈之仲,
邱俊霖,
謝佳俐,
荀雅芳,
韓宜珊,
冉喬泉,
許宗穎,
黃翠芳,
劉偉誠,
楊耀中,
林政蓮,
孫惠文,
許興芝,
吳凱倫,
張雅恭,
馮南一,
林元航,
林威德,
黃麗雯,
黃雅慧,
鐘致遠,
周彥廷,
葉宣威,
陳哲豪,
孫志宏,
黃馨慧,
翁軒豪,
黃台茹,
黃喜屏,
黃常純,
曹政憲,
黃萱歡,
楊惠斌,
曾仲貴,
李信仰,
翁芃火,
楊志伸,
謝智偉,
林靜中,
廖佳宏,
張禮榮,
鄭博柏,
劉青蕙,
陳辛宜,
陳原靖,
陳秀芬,
蔡家慶,
許俊亦,
林家盈,
江佳蓉,
黃詩筠,
鄭舒涵,
林紫康,
黃文娟,
邱詩博,
韓秀娟,
洪百雯,
楊文豪,
陳致修,
楊國念,
陳彥璋,
林子豪,
李婷婷,
施宗霖,
趙吟蕙,
李雅文,
謝勇志,
莊惠宸,
姚明宏,
李孟法,
林傑柏,
宋家瑩,
蔣敬泉,
林得貴,
曹展輝,
謝智翔,
阮合定,
陳婷堅,
黃志喬,
張卓尹,
鄭昱星,
胡建豪,
許惠季,
林俐倫,
沈正香,
余美惠,
王聖幸,
羅淑芬,
鄭志銘,
胡憶夢,
吳光一,
陳文傑,
張鎮宇,
賴禎雨,
李孟柏,
謝佳韋,
陳秉康,
吳思穎,
陳慧發,
古維倫,
林建天,
王群秋,
陳威萱,
吳心怡,
鄧峻梅,
吳火江,
張惠珊,
簡雅鈴,
湛淑玲,
趙宇軒,
陳韋志,
傅家榮,
許美華,
吳佳雅,
林彥宇,
黎淑君,
林佑政,
楊靜怡,
謝允谷,
沈曉中,
陳姵君,
林嘉寶,
沈佳容,
葉嘉鴻,
鄭哲瑋,
潘枝綸,
藍景純,
王淑芳,
陳宛儒,
郭茹星,
陳俊穎,
沈奕君,
蔡文盈,
張佳靜,
鄭雅芳,
徐弘如,
廖淑真,
林于真,
吳文希,
皮昱如,
陳姿伶,
張泓佐,
郭瑋年,
彭淑娟,
彭國瑋,
阮心怡,
王淑敏,
劉治州,
黃淑芬,
鐘凱蓉,
張靜宜,
黃政辛,
李瑞白,
陳美仲,
黎志翔,
陳志峰,
張世淑,
王建來,
黃承翰,
林孟儒,
姜榮延,
蔡蓉峰,
戴妙盈,
莊冠傑,
周銘希,
吳靜樂,
林尚琬,
施書惠,
梁姿潔,
李彥博,
楊宛玲,
潘義廷,
李如君,
焦淑婷,
陳隆柏,
吳毅豪,
謝琬婷,
黃志成,
洪念雅,
黃志宸,
張剛孝,
張佩樺,
王仕仁,
陳名志,
黃彥儒,
邱彥君,
盧雲光,
吳志妮,
弓怡婷,
陳美惠,
陳聿韻,
陳慧玲,
黃珊茜,
吳菁龍,
吳俊吉,
許昱恒,
楊佩樺,
周宗翰,
黃世昌,
蔡佩威,
黃宜梅,
洪威廷,
李育志,
周玉萍,
蔡嘉偉,
葉聖倫,
吳晉淑,
許裕仁,
林合綸,
蔡莉添,
倪伯琪,
林聖隆,
黃柏佳,
張豐劭,
蔡欣玫,
童俊宏,
王登勳,
陳春斌,
張志瑄,
李宛光,
鄭伊琴,
黃啟韋,
陳政俐,
杜偉倫,
景茹芸,
吳佳枝,
鄭紋火,
蔡慧玲,
謝乃順,
王芳茹,
林慧惠,
童翰霖,
張宜芳,
葉怡禎,
唐賢夫,
白聖文,
杜俊宏,
張哲中,
李妍瑋,
林博鈞,
吳星夢,
林宜亦,
林郁亨,
張子宣,
王家華,
陳建佑,
洪松玲,
林柏霖,
林慧君,
張偉誠,
倪貴娥,
王家銘,
劉嘉豪,
黃宇帆,
姜慧娟,
林聖江,
林逸臻,
侯彥博,
梁筱芳,
夏慶偉,
黃仰香,
沈玉萍,
林雅芬,
黃凱元,
黃群俐,
林依潔,
林郁名,
呂怡禎,
張佳雯,
毛文婷,
路怡君,
許駿齊,
曾世豪,
陳柏青,
李家慧,
鄭舒光,
陳貞儀,
陳韻茹,
張佳玲,
謝于真,
李惠君,
林俊宏,
方俊吉,
郭仲秀,
陳恩伶,
陳宜君,
朱淑貞,
金沛行,
王榮,
林淑慧,
曾奕翔,
酈宛湖,
李禹芬,
陳昱靖,
陳建堅,
林嘉喬,
盧奕綺,
林柏毅,
陳嬌瑜,
許博仁,
賴彥琬,
楊宜蓁,
童佐蘋,
林景翔,
賴益州,
王嘉筠,
吳政惠,
陳芳如,
黃玉玟,
蔡雯典,
倪佳穎,
郭志銘,
賴美惠,
劉雪霖,
朱雯喜,
曾胤琳,
鄭宇香,
許彥良,
黃子揚,
張白士,
陳韋妤,
劉貴依,
劉育仲,
張政達,
陳玲蕙,
柳慧松,
賴彥琦,
謝桂倫,
林淑真,
林政蓮,
廖珍琇,
周又韋,
林冠明,
林孟君,
林佳芳,
黃婉竹,
呂雅晴,
袁幼雯,
陳冠娥,
張毓合,
謝景明,
趙姿君,
潘志峰,
陳芝昀,
王冠合,
林崇枝,
郭怡雨,
林玲亨,
吳思發,
黃京學,
柯佳蓉,
蔡佩樺,
阮人豪,
林嘉鑫,
李慈春,
林秀玲,
陳其亦,
張瑞谷,
涂與翰,
劉儀坤,
吳志成,
洪星妏,
陳嘉琪,
白梅心,
林志鴻,
潘仲璇,
陳剛彬,
李秀城,
張文妹,
林冰沛,
林宗芸,
姚仁傑,
謝宛文,
黃佩玲,
王梅仰,
彭素依,
吳可智,
張燕琦,
林雅福,
王怡君,
張峻人,
方博文,
馬啟人,
涂伶松,
蕭雅婷,
黃初定,
吳俊坤,
謝瑋倫,
吳宗達,
吳曉萍,
李冠玟,
林世杰,
吳韻如,
陳姵美,
陳婉美,
陳寧方,
劉淑珍,
賴侑卿,
葉珮瑋,
侯孟軒,
張松沛,
郭詩涵,
夏惠玲,
張一喜,
方雅萍,
許芸夢,
蔡典民,
陳秀玲,
蔡芳順,
陳蕙康,
王彥霖,
梁妙帆,
孫駿志,
黃智凱,
顏慧婷,
陳玉婷,
許治尹,
翁上發,
黃杰盈,
陳彥良,
余海能,
柳盈如,
施堯珮,
張嘉生,
林世偉,
李文舜,
周鎮清,
吳志銘,
陳柏隆,
吳士傑,
蔡孟昆,
張心怡,
張育維,
賴俊東,
蔡雅娟,
江柏鈞,
蔡靜倫,
陳家賢,
林婷芃,
余淑玲,
陳建岑,
許智翔,
黃台鴻,
楊宜欣,
陳惟政,
姜致佩,
劉志恒,
張耀南,
陳秋昇,
許香羽,
謝大香,
張俊賢,
黃振瑋,
劉家揚,
陳姿泰,
陳右緯,
傅國華,
王鈺雪,
林哲榮,
鄭展淑,
彭真柏,
謝淑娟,
孫立妹,
葉苑廷,
毛淑湖,
林奕翔,
丁昱蘋,
王士傑,
宋憶利,
黃琇瑜,
黃明康,
王逸昆,
蔡明平,
張建宇,
鄭子傑,
葉嘉宏,
吳原書,
楊淑華,
李政舜,
黃宗穎,
彭永容,
曾淑芬,
黃筱雯,
黃治雄,
洪淑卿,
李孟信,
洪婷靖,
陳昌愛,
余家瑋,
周群彥,
楊依婷,
張冠宏,
吳家銘,
賴信易,
陳如英,
陳軍士,
何瑞揚,
鄧怡文,
呂緯裕,
酆剛宜,
鄭香寧,
苗昶軒,
顏雅玲,
張佳燕,
阮怡禎,
羅奕辰,
楊婷婷,
謝孟湖,
黃蘭豪,
李祐伯,
白韻如,
璩妙惠,
林亦姍,
林宜潔,
林玉鳳,
黃靖亞,
高妍伯,
陸政翰,
盧月瑄,
楊善玫,
陳文惠,
謝光航,
張竣傑,
蔡欣妹,
蔡文亨,
歐淑貞,
吳雅君,
劉世昌,
李怡婷,
陳左洋,
何士然,
方浩鳳,
鐘辰惟,
蔣淑婷,
陳雅恭,
吳佩雪,
沈慧正,
謝語亨,
林珊聖,
蔣芃潔,
楊惠玲,
羅佩珊,
林峻桂,
李宗翰,
張彥安,
李宗博,
吳冠音,
洪彥君,
黃雅慧,
林聿夫,
張建中,
梅思郁,
黃筱興,
陳吉幸,
黃欣瑜,
吳靖雯,
陳志成,
張武蓉,
張雅如,
吳俊廷,
林水瑋,
曹展韻,
李志君,
潘偉成,
李俊傑,
張琬婷,
許冠中,
李馨民,
汪英傑,
陳彥勇,
林其信,
鄧俊明,
許家云,
黃千輝,
楊惟心,
黃茂原,
何秋樂,
林義志,
林茜陽,
陳俊賢,
陳怡萱,
許健瑞,
童奇凌,
王至興,
李士哲,
陳惠娟,
林思心,
張毓瑞,
邱杰祥,
許志豪,
賴志翔,
彭乃文,
賴俊廷,
張美慧,
邱靖雯,
陳柏甫,
郭姿蓉,
林佳花,
郭菁星,
平博鈞,
陳淑梅,
李湘璇,
賴紀雯,
林志傑,
陳羽杰,
吳豐漢,
李俊貞,
陳宗杰,
靳文傑,
阮馨慧,
陳惠如,
聶佳怡,
林鈺能,
劉佳琪,
王婉君,
徐峻旺,
吳政峰,
劉舜湖,
崔培倫,
黃惠珊,
李書合,
許家治,
陳俊瑋,
袁岳恭,
郭君富,
郎思翰,
劉瑋婷,
李雅芳,
孫泰妹,
郭佩玲,
宣彥安,
劉淑萍,
張馨劭,
陳天堯,
吳宗均,
陳心彬,
溫信豪,
葉愛誠,
劉富冰,
黃松虹,
李文沛,
呂淑芬,
劉季岑,
林珍穎,
陳燕真,
戴威任,
楊崇季,
胡丞能,
邱星岳,
宋南福,
林聖傑,
洪琬義,
蘇惟辰,
賴百斌,
洪嘉菁,
吳佳民,
程佩儒,
林宗白,
鄭彥翔,
李姿任,
簡曉萍,
許文博,
鄭依婷,
楊松昌,
張靜怡,
黃淑一,
周雅如,
陳振松,
王火屏,
劉海欣,
蔡淑玲,
蕭曉琪,
魏香亨,
廖婉易,
簡安為,
邱建霖,
林詩涵,
林慧玲,
張珈帆,
張軍馨,
夏莉雯,
蔡心怡,
賴行倩,
賴俊緯,
蔡柏毅,
張曉玲,
楊俊成,
王家豪,
林佩珊,
蔡奎樺,
吳家祥,
崔木貴,
林怡如,
葉珮瑜,
彭石伸,
黃亞云,
李佩昆,
林于欣,
林又珠,
謝婉筠,
吳承中,
陳俊緯,
溫宜怡,
童昕嬌,
呂家瑜,
陳怡伶,
溫佩怡,
林雅竹,
林家純,
柯伊竹,
王于弘,
方俊豪,
蕭怡樺,
劉俊嘉,
袁珮甄,
袁雅玲,
黃冠辰,
林宗佩,
余彥廷,
郭依婷,
張淑娟,
陳弘全,
何沛紫,
馮心怡,
劉俊賢,
江行雯,
酆書瑋,
黃彥明,
林俊賢,
張世怡,
溫姿緯,
謝孟穎,
林政倫,
莊建龍,
林家榮,
毛麗玲,
張俊賢,
黃志宇,
葉惠娟,
李慧婷,
賴心行,
謝孟啟,
淩嘉惠,
鐘憶定,
陳士凱,
狄志瑋,
梁任萍,
毛致林,
鐘珍欣,
黃婉婷,
王哲玫,
黃怡蓁,
林泰方,
毛寶蓮,
王幼韋,
丁雅萍,
蔡佩琪,
孫仰屏,
唐順隆,
王詩玫,
張鈞意,
林俊杰,
韓妙亮,
張嘉鴻,
林筱涵,
黃信信,
陳智傑,
席惠玲,
陳彥儒,
高修羽,
陳詠水,
楊雪然,
李宏行,
洪儀侑,
楊于真,
郭少霖,
汪歡名,
童仁傑,
賴彥星,
吳珮堯,
謝明彬,
高凱元,
陳虹蓁,
王致遠,
曹雅惠,
羅星仲,
林康典,
郎俐邦,
吳孟伯,
李靖儒,
蔡喜依,
陳建侑,
陳秀彬,
賴家慧,
劉景和,
陳珮豪,
林士瑄,
吳莉婷,
郭鈺婷,
林至珍,
童尚秀,
黃宜欣,
丁瓊美,
黃其智,
袁慧君,
林文航,
楊宗翰,
于依邦,
張尹夢,
陳志毓,
陳韋凡,
盧宥啟,
陳俊利,
吳佳香,
王孟函,
楊雅軍,
陳南雅,
簡慧娟,
黃雅萍,
曾展綸,
毛家良,
李苡妏,
王惠富,
陳合燕,
曹馨儀,
李邦梅,
劉建宏,
張威宇,
趙伊男,
陳伶強,
黃至俊,
朱青寧,
周士賢,
姜萬欣,
林佩伶,
蕭丞紋,
謝欣海,
林怡霞,
鐘孟修,
劉綺燦,
施郁涵,
蔡吟榮,
黃建季,
傅幼寧,
蘇瓊文,
陳建貞,
王曉樂,
蘇瑋季,
王士豪,
蔣千歡,
張文傑,
諸順枝,
陳怡旭,
周羿裕,
林天蓉,
李家榮,
張淑威,
高宗青,
林雅婷,
葉聖念,
許培倫,
劉惠君,
丁鳳興,
許宜臻,
陳宏平,
陳俊昀,
楊介瑋,
陳冠傑,
楊嘉豪,
郭婷婷,
孫家利,
陳添沛,
韓怡欣,
楊卉仁,
林盈君,
余木昀,
張漢梅,
丁建綸,
楊宗穎,
陳皓能,
狄琦佩,
葉吉學,
賴冠宇,
張秀雄,
鄭宜君,
錢琬婷,
黃正元,
謝建宏,
趙希屏,
蔡曼伯,
陳孟鈺,
高淳岳,
賴旻妹,
柳廷麟,
杜祥萱,
全威廷,
洪重宣,
鄧潔羽,
王茹蓉,
駱詩婷,
嵇美惠,
杜姿穎,
許敏玲,
蕭威中,
吳建瑋,
盧秀珍,
錢冠廷,
吳建中,
林政宸,
陳信原,
許惠玟,
蘇威廷,
蔡建宏,
龍士凱,
陳佳霖,
陳淑芬,
林曉郁,
別孝妮,
柯靜宜,
謝曉薇,
蕭雅惠,
丁俊維,
張維洋,
陳依婷,
徐裕仁,
許英松,
鄭佳穎,
王佳琪,
李瑩鴻,
毛常帆,
許家明,
溫耿榮,
林宗旭,
張儀弘,
林庭禎,
陳瑞春,
陳秉勳,
蕭雅宸,
胡嘉娟,
張丹銘,
陳淑如,
涂博皓,
蔡建銘,
陳欣芬,
韓乃來,
蔡法吟,
易林恬,
劉建霖,
張哲劭,
黃馨妏,
蔡貞儀,
周佳玲,
曹雅君,
黃文茵,
張維倫,
呂美玉,
陶星陽,
萬琪心,
蔡朝隆,
李家欣,
賴志豪,
劉學添,
孫雅文,
黃承宸,
林侑燦,
邱容琳,
陳惠珍,
洪淑萍,
蔡俊彥,
孫喬財,
陳冠傑,
施羽誠,
朱怡婷,
劉珈穎,
戚郁胤,
羅若斌,
吳惠婷,
林良桓,
姜恭光,
毛振瑋,
謝志宏,
劉婷彥,
張秀玲,
李宜信,
周志南,
陳湘博,
黃鈺柏,
孫家齊,
溫吟書,
林慧玲,
陳婉羽,
陳東志,
吳鎮夫,
陳雅婷,
廖婉妤,
陳紹任,
林聖宜,
王明翰,
駱德韋,
王冠宇,
劉廷書,
吳慧信,
黃彥泰,
陳淑娟,
陳俊傑,
馬惠雯,
索舒仁,
張玉友,
劉凱鈞,
陳雅琳,
姚舜文,
邱瓊綸,
蔡嘉坤,
潘庭瑋,
張石睿,
駱念威,
王佳慧,
胡孟哲,
李馨文,
陳喬剛,
王智凱,
劉惟添,
張家維,
謝惟輝,
王白然,
吳靜怡,
林嘉孝,
李佳茵,
陳思心,
金耀白,
陳雅雯,
劉詠苓,
陳慧能,
梁瑋函,
謝慶丞,
周柏毅,
楊裕廷,
簡志成,
劉鈺廷,
蕭凱元,
朱明慈,
劉舜文,
林怡伶,
李佳雄,
林佳孝,
劉樂吉,
鄭佳霖,
張馨桂,
時佩樺,
陳裕仁,
毛介尹,
王雪恆,
李惠珍,
林玉齊,
杜嘉玲,
楊惠玲,
李木茹,
陳明芝,
鄧佳玲,
陳怡平,
張緯行,
彭丞孝,
吳姿花,
郭欣怡,
馬恆福,
林志成,
管軍茵,
周佳音,
趙忠鳳,
林志偉,
滕明哲,
陳人薇,
陳崇育,
楊怡萱,
何雅芬,
彭佑霖,
陳依婷,
王綠虹,
李耀文,
李麗卿,
武景霖,
張世傑,
陳金美,
倪崇帆,
江嘉玲,
黎淳君,
馮璇麟,
蔡明俊,
何勳坤,
李鳳典,
魏鈺谷,
林婉君,
吳堅琬,
張怡君,
丁志宏,
黃雅馨,
丁海成,
吳怡伶,
李志愛,
李璇美,
陳惟利,
王建財,
吳涵書,
吳怡君,
鄭惠萍,
張志豪,
黃詩婷,
黃美菁,
林淑君,
楊宗山,
鄭俊維,
馮士哲,
劉俊穎,
陳秀珠,
張家豪,
潘志淳,
何國榮,
黃俊賢,
江惠雯,
宓駿芷,
白鎮安,
吳于妹,
林怡寶,
何美慧,
趙俊賢,
洪淑婷,
黃雅屏,
王欣怡,
郭韋伶,
李孟湖,
張美玲,
朱蘭裕,
李建霖,
林彥翔,
潘玉婷,
許韋祥,
趙至虹,
林憶彥,
馬正原,
陳俊希,
謝彥霖,
詹美玲,
鄭家豪,
胡舒婷,
沈淑君,
陳宜君,
崔佳琳,
洪嘉玲,
林瑋依,
李先亞,
王芸定,
鄭紹珮,
陳冠倩,
連天宇,
李志軒,
鄭文州,
吳傑筠,
許育廷,
黃慧奇,
劉美惠,
何志宏,
黃瑋婷,
林文琪,
柯哲維,
徐欣怡,
陳麗星,
黃慧娟,
劉木民,
駱婉婷,
余秋俐,
蔡孟儒,
鍾明傑,
張雅琳,
曹子傑,
劉祥峰,
鄭秉勳,
王琬玉,
陳欣潔,
楊奕翔,
林嘉惟,
陳佩峰,
林嘉慧,
林志意,
鄭子傑,
童佩君,
陳琇嬌,
王念樺,
洪彥霖,
張揚侑,
洪嘉原,
蕭逸名,
吳倩名,
楊宗達,
林伊綸,
顏雅文,
林淑萱,
林欣季,
賴佳琪,
張毓屏,
胡惟迪,
林志平,
翁欣怡,
陳盈瑜,
王政儒,
林鈺秀,
陳淑君,
黃惠欣,
郭淑真,
陳怡雯,
羅鴻珊,
劉怡虹,
潘禹仲,
周家良,
周孟治,
吳惠姍,
宋博恭,
張美新,
郭定昆,
林雪盈,
陳郁文,
黃韻林,
林瑞正,
張彥翔,
陳建廷,
蔡明琴,
李淑琴,
謝靜如,
郭婉綺,
廣嘉琪,
張靜怡,
彭丹坤,
曹宜潔,
蔡玉胤,
談綺聖,
林博仁,
謝翠木,
郭柏豪,
曹法亞,
羅儒勇,
戴佳儒,
林冠能,
劉胤薇,
張凱生,
李宜瑞,
嚴貴志,
黃靜甫,
張合靖,
黃士萱,
黃冠良,
王美玉,
張偉智,
洪揚士,
陳俊淳,
張志偉,
吳惠珊,
韋介映,
劉惠珍,
何詠杰,
陳淑旺,
陳佳燕,
葉茹星,
賴怡迪,
明琳宸,
廖民沛,
劉怡伯,
王詩梅,
楊秀琇,
蕭文馨,
林雅婷,
張佳琪,
馮志豪,
路奕廷,
李左麟,
杜佳瑩,
楊志冰,
黃奕翔,
王詩啟,
魏國偉,
夏政儒,
黃耀康,
李雅琪,
謝聖凱,
黃昭玫,
林佩玟,
郭怡君,
林慧玲,
陸金瑞,
林凱文,
張威廷,
吳喜木,
林秋泰,
廖家洋,
黃玉婷,
陳佩玲,
鄭至軒,
張淑玲,
周志妤,
連彥珍,
趙建宏,
林俊侑,
虞欣瑜,
李淑惠,
徐芃昌,
蔡宜哲,
藍琬婷,
崔克尹,
藍心清,
林志銘,
林瑋玲,
黃佳霖,
陳韻斌,
李佳儒,
李政俐,
張泰陽,
陳燕勳,
曾婷松,
陳宜原,
盧鈞成,
張俊凱,
艾盈如,
李柏忠,
吳佩希,
徐儒琴,
陳嘉鴻,
吳哲嘉,
黃政儒,
楊淑芷,
劉姿妤,
吳淑倩,
鄧琦弘,
傅宗儒,
林丞容,
林柏亨,
李明憲,
陳旭宣,
黃文怡,
李佩聖,
林正妤,
王志文,
魏佩珊,
王欣怡,
張哲榮,
王婷婷,
曾佳穎,
黃瑞綺,
陳美姍,
柯柏青,
林宗慈,
江辰彥,
詹季純,
陳宏海,
高宗憲,
李家蓁,
張碧秋,
林淑達,
鍾雅婷,
吳琬婷,
李守珊,
朱惠婷,
林重正,
蔡嘉云,
蔡彥君,
劉佳湖,
黃佳欣,
曾家銘,
王志茵,
詹雅雯,
杜艾瑜,